judge_label,Hedging,Attribution,Art Terms,Semantic Similarity,Entity Preservation,BERTScore F1
Voice Preservation,-0.09697587139693314,0.010194090034811237,0.09163325523210644,0.0993645424763043,0.05116742135999382,0.3190026472114759
Meaning Preservation,-0.07530623918403695,0.002349985385363542,0.11015716062000075,-0.012792784329224482,0.01949862563010182,0.15700211138109813
