Strategy,Voice %,Meaning %,Accessibility %,Efficiency
Lexical,75.3%,87.5%,78.7%,2.1183294663573093
Persona1,62.4%,81.0%,86.1%,1.5207280080889785
Persona2,79.1%,92.6%,80.2%,2.8319838056680178
Persona3,68.7%,83.1%,90.2%,1.8701067615658367
