,Lexical,Persona1,Persona2,Persona3
Hedging Density,-0.04831419848019214,-0.026813793487379167,-0.01800121466289802,-0.0063587665584903755
Attribution Markers,-0.021446919365869864,0.03869333617251808,-0.004523206094624446,0.018798972458838097
Art Term Density,0.060334149716254386,-0.030822954682010146,0.14026021888395004,-0.007542928287748326
Semantic Similarity,0.10177430310238789,0.15694556303086893,,0.13368513608563481
BERTScore F1,0.20424914428735164,0.18644687178025812,,0.137372100243222
